{
  "memory_count": [
    {
      "value": 13,
      "timestamp": 1780170862.5543802
    }
  ],
  "avg_strength": [
    {
      "value": 6.6923076923076925,
      "timestamp": 1780170862.55497
    }
  ],
  "api_p95": [
    {
      "value": 10.24,
      "timestamp": 1780170862.5556903
    }
  ],
  "error_rate": [
    {
      "value": 0.0,
      "timestamp": 1780170862.567849
    }
  ],
  "type_distribution": [
    {
      "value": {
        "pattern": 13
      },
      "timestamp": 1780170862.5688944
    }
  ]
}